<?xml version="1.0" encoding="UTF-8"?>
<alto xmlns:xsi="http://www.w3.org/2001/XMLSchema-instance" xsi:noNamespaceSchemaLocation="http://www.bl.uk/schemas/alto/alto-1-4.xsd" xmlns:xlink="http://www.w3.org/1999/xlink">
	<Description>
		<MeasurementUnit>mm10</MeasurementUnit>
		<sourceImageInformation>
			<fileName>//head1/IN/2007-40/A0010713818/003411.jp2</fileName>
		</sourceImageInformation>
		<OCRProcessing ID="OCRPROCESSING_1">
			<preProcessingStep>
				<processingSoftware>
					<softwareCreator>CCS Content Conversion Specialists GmbH, Germany</softwareCreator>
					<softwareName>CCS docWORKS</softwareName>
					<softwareVersion>6.1-0.54</softwareVersion>
				</processingSoftware>
			</preProcessingStep>
			<ocrProcessingStep>
				<processingSoftware>
					<softwareCreator>ABBYY (BIT Software), Russia</softwareCreator>
					<softwareName>Finereader</softwareName>
				</processingSoftware>
			</ocrProcessingStep>
		</OCRProcessing>
	</Description>
	<Styles/>
	<Layout>
		<Page ID="P3" PHYSICAL_IMG_NR="3" HEIGHT="1838" WIDTH="1292" POSITION="Right">
			<TopMargin ID="P3_TM00001" HPOS="0" VPOS="0" WIDTH="1292" HEIGHT="0"/>
			<LeftMargin ID="P3_LM00001" HPOS="0" VPOS="0" WIDTH="0" HEIGHT="1838"/>
			<RightMargin ID="P3_RM00001" HPOS="1292" VPOS="0" WIDTH="0" HEIGHT="1838"/>
			<BottomMargin ID="P3_BM00001" HPOS="0" VPOS="1838" WIDTH="1292" HEIGHT="0"/>
			<PrintSpace ID="P3_PS00001" HPOS="0" VPOS="0" WIDTH="1292" HEIGHT="1838"/>
		</Page>
	</Layout>
</alto>
