<?xml version="1.0" encoding="UTF-8"?>
<alto xmlns:xsi="http://www.w3.org/2001/XMLSchema-instance" xsi:noNamespaceSchemaLocation="http://www.bl.uk/schemas/alto/alto-1-4.xsd" xmlns:xlink="http://www.w3.org/1999/xlink">
	<Description>
		<MeasurementUnit>mm10</MeasurementUnit>
		<sourceImageInformation>
			<fileName>//head1/IN/2007-40/A0010713818/003439.jp2</fileName>
		</sourceImageInformation>
		<OCRProcessing ID="OCRPROCESSING_1">
			<preProcessingStep>
				<processingSoftware>
					<softwareCreator>CCS Content Conversion Specialists GmbH, Germany</softwareCreator>
					<softwareName>CCS docWORKS</softwareName>
					<softwareVersion>6.1-0.54</softwareVersion>
				</processingSoftware>
			</preProcessingStep>
			<ocrProcessingStep>
				<processingSoftware>
					<softwareCreator>ABBYY (BIT Software), Russia</softwareCreator>
					<softwareName>Finereader</softwareName>
				</processingSoftware>
			</ocrProcessingStep>
		</OCRProcessing>
	</Description>
	<Styles>
		<TextStyle ID="TXT_0" FONTSIZE="9" FONTFAMILY="Courier New"/>
		<TextStyle ID="TXT_1" FONTSIZE="10" FONTFAMILY="Courier New"/>
		<ParagraphStyle ID="PAR_CENTER" ALIGN="Center"/>
		<ParagraphStyle ID="PAR_LEFT" ALIGN="Left"/>
		<ParagraphStyle ID="PAR_RIGHT" ALIGN="Right"/>
	</Styles>
	<Layout>
		<Page ID="P31" PHYSICAL_IMG_NR="31" HEIGHT="1838" WIDTH="1292" POSITION="Right" ACCURACY="63.55">
			<TopMargin ID="P31_TM00001" HPOS="0" VPOS="0" WIDTH="1292" HEIGHT="335"/>
			<LeftMargin ID="P31_LM00001" HPOS="0" VPOS="335" WIDTH="177" HEIGHT="1215"/>
			<RightMargin ID="P31_RM00001" HPOS="1050" VPOS="335" WIDTH="242" HEIGHT="1215"/>
			<BottomMargin ID="P31_BM00001" HPOS="0" VPOS="1550" WIDTH="1292" HEIGHT="288"/>
			<PrintSpace ID="P31_PS00001" HPOS="177" VPOS="335" WIDTH="873" HEIGHT="1215">
				<TextBlock ID="P31_TB00001" HPOS="430" VPOS="335" WIDTH="375" HEIGHT="50" STYLEREFS="TXT_0 PAR_CENTER">
					<TextLine ID="P31_TL00001" HPOS="431" VPOS="336" WIDTH="374" HEIGHT="49">
						<String ID="P31_ST00001" HPOS="431" VPOS="336" WIDTH="68" HEIGHT="38" CONTENT="£he" WC="0.10" CC="898"/>
						<SP ID="P31_SP00001" HPOS="499" VPOS="374" WIDTH="27"/>
						<String ID="P31_ST00002" HPOS="526" VPOS="337" WIDTH="102" HEIGHT="48" CONTENT="$oet's" WC="0.20" CC="888868"/>
						<SP ID="P31_SP00002" HPOS="628" VPOS="385" WIDTH="25"/>
						<String ID="P31_ST00003" HPOS="653" VPOS="337" WIDTH="152" HEIGHT="41" CONTENT="flistalte." WC="0.40" CC="8068871881"/>
					</TextLine>
				</TextBlock>
				<TextBlock ID="P31_TB00002" HPOS="174" VPOS="424" WIDTH="703" HEIGHT="233" STYLEREFS="TXT_0 PAR_LEFT">
					<TextLine ID="P31_TL00002" HPOS="248" VPOS="469" WIDTH="600" HEIGHT="48">
						<String ID="P31_ST00004" HPOS="248" VPOS="469" WIDTH="78" HEIGHT="48" CONTENT="&gt;|-nJ|" WC="0.22" CC="886886"/>
						<SP ID="P31_SP00003" HPOS="326" VPOS="517" WIDTH="28"/>
						<String ID="P31_ST00005" HPOS="354" VPOS="475" WIDTH="99" HEIGHT="27" CONTENT="GRIM" WC="0.56" CC="7207"/>
						<SP ID="P31_SP00004" HPOS="453" VPOS="517" WIDTH="15"/>
						<String ID="P31_ST00006" HPOS="468" VPOS="477" WIDTH="55" HEIGHT="25" CONTENT="and" WC="0.16" CC="888"/>
						<SP ID="P31_SP00005" HPOS="523" VPOS="517" WIDTH="14"/>
						<String ID="P31_ST00007" HPOS="537" VPOS="477" WIDTH="114" HEIGHT="36" CONTENT="ghastly" WC="0.54" CC="0783533"/>
						<SP ID="P31_SP00006" HPOS="651" VPOS="517" WIDTH="15"/>
						<String ID="P31_ST00008" HPOS="666" VPOS="476" WIDTH="182" HEIGHT="32" CONTENT="Mussulman," WC="0.83" CC="2010300080"/>
					</TextLine>
					<TextLine ID="P31_TL00003" HPOS="391" VPOS="523" WIDTH="419" HEIGHT="37">
						<String ID="P31_ST00009" HPOS="391" VPOS="523" WIDTH="77" HEIGHT="36" CONTENT="Why" WC="0.91" CC="002"/>
						<SP ID="P31_SP00007" HPOS="468" VPOS="559" WIDTH="13"/>
						<String ID="P31_ST00010" HPOS="481" VPOS="526" WIDTH="47" HEIGHT="25" CONTENT="art" WC="0.37" CC="836"/>
						<SP ID="P31_SP00008" HPOS="528" VPOS="559" WIDTH="12"/>
						<String ID="P31_ST00011" HPOS="540" VPOS="524" WIDTH="71" HEIGHT="27" CONTENT="thou" WC="0.62" CC="4271"/>
						<SP ID="P31_SP00009" HPOS="611" VPOS="559" WIDTH="15"/>
						<String ID="P31_ST00012" HPOS="626" VPOS="524" WIDTH="114" HEIGHT="36" CONTENT="wailing" WC="0.74" CC="7500500"/>
						<SP ID="P31_SP00010" HPOS="740" VPOS="560" WIDTH="17"/>
						<String ID="P31_ST00013" HPOS="757" VPOS="534" WIDTH="29" HEIGHT="17" CONTENT="so" WC="1.00" CC="00"/>
						<SP ID="P31_SP00011" HPOS="786" VPOS="560" WIDTH="14"/>
						<String ID="P31_ST00014" HPOS="800" VPOS="525" WIDTH="10" HEIGHT="25" CONTENT="?" WC="0.36" CC="6"/>
					</TextLine>
					<TextLine ID="P31_TL00004" HPOS="358" VPOS="571" WIDTH="516" HEIGHT="36">
						<String ID="P31_ST00015" HPOS="358" VPOS="571" WIDTH="28" HEIGHT="26" CONTENT="Is" WC="0.40" CC="56"/>
						<SP ID="P31_SP00012" HPOS="386" VPOS="597" WIDTH="13"/>
						<String ID="P31_ST00016" HPOS="399" VPOS="571" WIDTH="80" HEIGHT="27" CONTENT="there" WC="0.83" CC="25000"/>
						<SP ID="P31_SP00013" HPOS="479" VPOS="598" WIDTH="13"/>
						<String ID="P31_ST00017" HPOS="492" VPOS="581" WIDTH="17" HEIGHT="17" CONTENT="a" WC="0.83" CC="1"/>
						<SP ID="P31_SP00014" HPOS="509" VPOS="598" WIDTH="13"/>
						<String ID="P31_ST00018" HPOS="522" VPOS="573" WIDTH="66" HEIGHT="34" CONTENT="pain" WC="0.77" CC="1024"/>
						<SP ID="P31_SP00015" HPOS="588" VPOS="607" WIDTH="13"/>
						<String ID="P31_ST00019" HPOS="601" VPOS="572" WIDTH="104" HEIGHT="26" CONTENT="within" WC="0.62" CC="762500"/>
						<SP ID="P31_SP00016" HPOS="705" VPOS="607" WIDTH="13"/>
						<String ID="P31_ST00020" HPOS="718" VPOS="573" WIDTH="54" HEIGHT="34" CONTENT="thy" WC="0.48" CC="581"/>
						<SP ID="P31_SP00017" HPOS="772" VPOS="607" WIDTH="14"/>
						<String ID="P31_ST00021" HPOS="786" VPOS="572" WIDTH="88" HEIGHT="32" CONTENT="brain," WC="0.53" CC="806085"/>
					</TextLine>
					<TextLine ID="P31_TL00005" HPOS="393" VPOS="618" WIDTH="317" HEIGHT="36">
						<String ID="P31_ST00022" HPOS="393" VPOS="618" WIDTH="39" HEIGHT="28" CONTENT="Or" WC="0.41" CC="74"/>
						<SP ID="P31_SP00018" HPOS="432" VPOS="646" WIDTH="11"/>
						<String ID="P31_ST00023" HPOS="443" VPOS="618" WIDTH="30" HEIGHT="27" CONTENT="in" WC="0.31" CC="58"/>
						<SP ID="P31_SP00019" HPOS="473" VPOS="646" WIDTH="14"/>
						<String ID="P31_ST00024" HPOS="487" VPOS="619" WIDTH="53" HEIGHT="35" CONTENT="thy" WC="0.48" CC="770"/>
						<SP ID="P31_SP00020" HPOS="540" VPOS="654" WIDTH="14"/>
						<String ID="P31_ST00025" HPOS="554" VPOS="619" WIDTH="75" HEIGHT="27" CONTENT="little" WC="0.59" CC="807340"/>
						<SP ID="P31_SP00021" HPOS="629" VPOS="654" WIDTH="13"/>
						<String ID="P31_ST00026" HPOS="642" VPOS="622" WIDTH="46" HEIGHT="24" CONTENT="toe" WC="0.99" CC="000"/>
						<SP ID="P31_SP00022" HPOS="688" VPOS="654" WIDTH="12"/>
						<String ID="P31_ST00027" HPOS="700" VPOS="621" WIDTH="10" HEIGHT="24" CONTENT="?" WC="0.50" CC="4"/>
					</TextLine>
				</TextBlock>
				<TextBlock ID="P31_TB00003" HPOS="353" VPOS="665" WIDTH="583" HEIGHT="36" STYLEREFS="TXT_0 PAR_RIGHT">
					<TextLine ID="P31_TL00006" HPOS="354" VPOS="666" WIDTH="582" HEIGHT="35">
						<String ID="P31_ST00028" HPOS="354" VPOS="667" WIDTH="59" HEIGHT="26" CONTENT="The" WC="0.75" CC="070"/>
						<SP ID="P31_SP00023" HPOS="413" VPOS="693" WIDTH="14"/>
						<String ID="P31_ST00029" HPOS="427" VPOS="667" WIDTH="125" HEIGHT="34" CONTENT="twilight" WC="0.46" CC="09133977"/>
						<SP ID="P31_SP00024" HPOS="552" VPOS="701" WIDTH="13"/>
						<String ID="P31_ST00030" HPOS="565" VPOS="668" WIDTH="100" HEIGHT="26" CONTENT="shades" WC="0.67" CC="076005"/>
						<SP ID="P31_SP00025" HPOS="665" VPOS="701" WIDTH="14"/>
						<String ID="P31_ST00031" HPOS="679" VPOS="677" WIDTH="46" HEIGHT="17" CONTENT="are" WC="0.42" CC="970"/>
						<SP ID="P31_SP00026" HPOS="725" VPOS="701" WIDTH="13"/>
						<String ID="P31_ST00032" HPOS="738" VPOS="668" WIDTH="131" HEIGHT="33" CONTENT="shutting" WC="0.68" CC="64250060"/>
						<SP ID="P31_SP00027" HPOS="869" VPOS="701" WIDTH="13"/>
						<String ID="P31_ST00033" HPOS="882" VPOS="666" WIDTH="54" HEIGHT="26" CONTENT="fast" WC="0.79" CC="0260"/>
					</TextLine>
				</TextBlock>
				<TextBlock ID="P31_TB00004" HPOS="351" VPOS="712" WIDTH="593" HEIGHT="83" STYLEREFS="TXT_0 PAR_LEFT">
					<TextLine ID="P31_TL00007" HPOS="390" VPOS="714" WIDTH="397" HEIGHT="36">
						<String ID="P31_ST00034" HPOS="390" VPOS="714" WIDTH="60" HEIGHT="26" CONTENT="The" WC="0.78" CC="060"/>
						<SP ID="P31_SP00028" HPOS="450" VPOS="740" WIDTH="13"/>
						<String ID="P31_ST00035" HPOS="463" VPOS="714" WIDTH="103" HEIGHT="36" CONTENT="golden" WC="0.76" CC="400900"/>
						<SP ID="P31_SP00029" HPOS="566" VPOS="750" WIDTH="13"/>
						<String ID="P31_ST00036" HPOS="579" VPOS="716" WIDTH="79" HEIGHT="34" CONTENT="gates" WC="0.60" CC="08505"/>
						<SP ID="P31_SP00030" HPOS="658" VPOS="750" WIDTH="14"/>
						<String ID="P31_ST00037" HPOS="672" VPOS="714" WIDTH="32" HEIGHT="26" CONTENT="of" WC="1.00" CC="00"/>
						<SP ID="P31_SP00031" HPOS="704" VPOS="750" WIDTH="11"/>
						<String ID="P31_ST00038" HPOS="715" VPOS="714" WIDTH="72" HEIGHT="35" CONTENT="Day," WC="0.54" CC="0890"/>
					</TextLine>
					<TextLine ID="P31_TL00008" HPOS="352" VPOS="760" WIDTH="592" HEIGHT="35">
						<String ID="P31_ST00039" HPOS="352" VPOS="761" WIDTH="79" HEIGHT="27" CONTENT="Then" WC="0.77" CC="0503"/>
						<SP ID="P31_SP00032" HPOS="431" VPOS="788" WIDTH="13"/>
						<String ID="P31_ST00040" HPOS="444" VPOS="762" WIDTH="67" HEIGHT="26" CONTENT="shut" WC="0.21" CC="9677"/>
						<SP ID="P31_SP00033" HPOS="511" VPOS="788" WIDTH="14"/>
						<String ID="P31_ST00041" HPOS="525" VPOS="771" WIDTH="46" HEIGHT="24" CONTENT="up," WC="0.79" CC="600"/>
						<SP ID="P31_SP00034" HPOS="571" VPOS="795" WIDTH="14"/>
						<String ID="P31_ST00042" HPOS="585" VPOS="764" WIDTH="55" HEIGHT="30" CONTENT="too," WC="1.00" CC="0000"/>
						<SP ID="P31_SP00035" HPOS="640" VPOS="795" WIDTH="14"/>
						<String ID="P31_ST00043" HPOS="654" VPOS="771" WIDTH="72" HEIGHT="24" CONTENT="your" WC="0.49" CC="9046"/>
						<SP ID="P31_SP00036" HPOS="726" VPOS="795" WIDTH="12"/>
						<String ID="P31_ST00044" HPOS="738" VPOS="760" WIDTH="170" HEIGHT="32" CONTENT="hullabaloo," WC="0.69" CC="75063600002"/>
						<String ID="P31_ST00045" HPOS="911" VPOS="776" WIDTH="33" HEIGHT="3" CONTENT="—" WC="0.20" CC="8"/>
					</TextLine>
				</TextBlock>
				<TextBlock ID="P31_TB00005" HPOS="391" VPOS="806" WIDTH="432" HEIGHT="36" STYLEREFS="TXT_0 PAR_CENTER">
					<TextLine ID="P31_TL00009" HPOS="391" VPOS="807" WIDTH="432" HEIGHT="35">
						<String ID="P31_ST00046" HPOS="391" VPOS="808" WIDTH="39" HEIGHT="27" CONTENT="Or" WC="0.53" CC="44"/>
						<SP ID="P31_SP00037" HPOS="430" VPOS="835" WIDTH="14"/>
						<String ID="P31_ST00047" HPOS="444" VPOS="809" WIDTH="99" HEIGHT="26" CONTENT="what's" WC="0.56" CC="975003"/>
						<SP ID="P31_SP00038" HPOS="543" VPOS="835" WIDTH="13"/>
						<String ID="P31_ST00048" HPOS="556" VPOS="809" WIDTH="48" HEIGHT="25" CONTENT="the" WC="0.55" CC="670"/>
						<SP ID="P31_SP00039" HPOS="604" VPOS="835" WIDTH="14"/>
						<String ID="P31_ST00049" HPOS="618" VPOS="811" WIDTH="111" HEIGHT="29" CONTENT="matter," WC="0.72" CC="0090090"/>
						<SP ID="P31_SP00040" HPOS="729" VPOS="840" WIDTH="14"/>
						<String ID="P31_ST00050" HPOS="743" VPOS="817" WIDTH="51" HEIGHT="25" CONTENT="say" WC="0.84" CC="120"/>
						<SP ID="P31_SP00041" HPOS="794" VPOS="842" WIDTH="11"/>
						<String ID="P31_ST00051" HPOS="805" VPOS="807" WIDTH="18" HEIGHT="27" CONTENT='!"' WC="0.88" CC="20"/>
					</TextLine>
				</TextBlock>
				<TextBlock ID="P31_TB00006" HPOS="357" VPOS="914" WIDTH="554" HEIGHT="84" STYLEREFS="TXT_0 PAR_LEFT">
					<TextLine ID="P31_TL00010" HPOS="357" VPOS="915" WIDTH="554" HEIGHT="30">
						<String ID="P31_ST00052" HPOS="357" VPOS="917" WIDTH="75" HEIGHT="27" CONTENT="That" WC="0.45" CC="0694"/>
						<SP ID="P31_SP00042" HPOS="432" VPOS="944" WIDTH="14"/>
						<String ID="P31_ST00053" HPOS="446" VPOS="918" WIDTH="77" HEIGHT="25" CONTENT="stern" WC="0.55" CC="69005"/>
						<SP ID="P31_SP00043" HPOS="523" VPOS="944" WIDTH="13"/>
						<String ID="P31_ST00054" HPOS="536" VPOS="917" WIDTH="56" HEIGHT="26" CONTENT="and" WC="0.71" CC="080"/>
						<SP ID="P31_SP00044" HPOS="592" VPOS="944" WIDTH="14"/>
						<String ID="P31_ST00055" HPOS="606" VPOS="916" WIDTH="110" HEIGHT="27" CONTENT="sombre" WC="0.58" CC="405661"/>
						<SP ID="P31_SP00045" HPOS="716" VPOS="944" WIDTH="15"/>
						<String ID="P31_ST00056" HPOS="731" VPOS="915" WIDTH="180" HEIGHT="30" CONTENT="Mussulman," WC="0.64" CC="0045070962"/>
					</TextLine>
					<TextLine ID="P31_TL00011" HPOS="392" VPOS="964" WIDTH="411" HEIGHT="34">
						<String ID="P31_ST00057" HPOS="392" VPOS="966" WIDTH="45" HEIGHT="26" CONTENT="He" WC="0.65" CC="60"/>
						<SP ID="P31_SP00046" HPOS="437" VPOS="992" WIDTH="13"/>
						<String ID="P31_ST00058" HPOS="450" VPOS="965" WIDTH="108" HEIGHT="27" CONTENT="heeded" WC="0.90" CC="600000"/>
						<SP ID="P31_SP00047" HPOS="558" VPOS="992" WIDTH="13"/>
						<String ID="P31_ST00059" HPOS="571" VPOS="967" WIDTH="50" HEIGHT="24" CONTENT="not" WC="0.57" CC="506"/>
						<SP ID="P31_SP00048" HPOS="621" VPOS="992" WIDTH="13"/>
						<String ID="P31_ST00060" HPOS="634" VPOS="974" WIDTH="48" HEIGHT="24" CONTENT="my" WC="1.00" CC="00"/>
						<SP ID="P31_SP00049" HPOS="682" VPOS="998" WIDTH="14"/>
						<String ID="P31_ST00061" HPOS="696" VPOS="964" WIDTH="107" HEIGHT="34" CONTENT="speech," WC="0.77" CC="0800070"/>
					</TextLine>
				</TextBlock>
				<TextBlock ID="P31_TB00007" HPOS="353" VPOS="1010" WIDTH="570" HEIGHT="83" STYLEREFS="TXT_0 PAR_LEFT">
					<TextLine ID="P31_TL00012" HPOS="354" VPOS="1011" WIDTH="569" HEIGHT="37">
						<String ID="P31_ST00062" HPOS="354" VPOS="1013" WIDTH="58" HEIGHT="26" CONTENT="But" WC="0.51" CC="670"/>
						<SP ID="P31_SP00050" HPOS="412" VPOS="1039" WIDTH="13"/>
						<String ID="P31_ST00063" HPOS="425" VPOS="1012" WIDTH="91" HEIGHT="27" CONTENT="raised" WC="0.58" CC="692500"/>
						<SP ID="P31_SP00051" HPOS="516" VPOS="1039" WIDTH="13"/>
						<String ID="P31_ST00064" HPOS="529" VPOS="1012" WIDTH="83" HEIGHT="36" CONTENT="again" WC="0.75" CC="80030"/>
						<SP ID="P31_SP00052" HPOS="612" VPOS="1048" WIDTH="14"/>
						<String ID="P31_ST00065" HPOS="626" VPOS="1011" WIDTH="45" HEIGHT="27" CONTENT="his" WC="0.50" CC="455"/>
						<SP ID="P31_SP00053" HPOS="671" VPOS="1048" WIDTH="12"/>
						<String ID="P31_ST00066" HPOS="683" VPOS="1011" WIDTH="76" HEIGHT="27" CONTENT="howl" WC="0.84" CC="6000"/>
						<SP ID="P31_SP00054" HPOS="759" VPOS="1048" WIDTH="14"/>
						<String ID="P31_ST00067" HPOS="773" VPOS="1011" WIDTH="31" HEIGHT="27" CONTENT="of" WC="1.00" CC="00"/>
						<SP ID="P31_SP00055" HPOS="804" VPOS="1048" WIDTH="10"/>
						<String ID="P31_ST00068" HPOS="814" VPOS="1011" WIDTH="72" HEIGHT="36" CONTENT="pain," WC="0.60" CC="08560"/>
						<String ID="P31_ST00069" HPOS="889" VPOS="1027" WIDTH="34" HEIGHT="3" CONTENT="—" WC="0.20" CC="8"/>
					</TextLine>
					<TextLine ID="P31_TL00013" HPOS="391" VPOS="1058" WIDTH="419" HEIGHT="35">
						<String ID="P31_ST00070" HPOS="391" VPOS="1060" WIDTH="26" HEIGHT="25" CONTENT="A" WC="1.00" CC="0"/>
						<SP ID="P31_SP00056" HPOS="417" VPOS="1085" WIDTH="13"/>
						<String ID="P31_ST00071" HPOS="430" VPOS="1061" WIDTH="74" HEIGHT="24" CONTENT="most" WC="0.43" CC="5069"/>
						<SP ID="P31_SP00057" HPOS="504" VPOS="1085" WIDTH="13"/>
						<String ID="P31_ST00072" HPOS="517" VPOS="1059" WIDTH="153" HEIGHT="34" CONTENT="unearthly" WC="0.35" CC="774429759"/>
						<SP ID="P31_SP00058" HPOS="670" VPOS="1093" WIDTH="13"/>
						<String ID="P31_ST00073" HPOS="683" VPOS="1058" WIDTH="109" HEIGHT="26" CONTENT="screech" WC="0.80" CC="0060007"/>
						<SP ID="P31_SP00059" HPOS="792" VPOS="1093" WIDTH="14"/>
						<String ID="P31_ST00074" HPOS="806" VPOS="1061" WIDTH="4" HEIGHT="22" CONTENT="!" WC="1.00" CC="0"/>
					</TextLine>
				</TextBlock>
				<TextBlock ID="P31_TB00008" HPOS="331" VPOS="1104" WIDTH="719" HEIGHT="78" STYLEREFS="TXT_0 PAR_LEFT">
					<TextLine ID="P31_TL00014" HPOS="331" VPOS="1105" WIDTH="719" HEIGHT="37">
						<String ID="P31_ST00075" HPOS="331" VPOS="1110" WIDTH="14" HEIGHT="9" CONTENT='"' WC="1.00" CC="0"/>
						<SP ID="P31_SP00060" HPOS="345" VPOS="1119" WIDTH="11"/>
						<String ID="P31_ST00076" HPOS="356" VPOS="1106" WIDTH="45" HEIGHT="26" CONTENT="He" WC="0.69" CC="60"/>
						<SP ID="P31_SP00061" HPOS="401" VPOS="1132" WIDTH="15"/>
						<String ID="P31_ST00077" HPOS="416" VPOS="1106" WIDTH="58" HEIGHT="27" CONTENT="dies" WC="0.59" CC="8006"/>
						<SP ID="P31_SP00062" HPOS="474" VPOS="1133" WIDTH="14"/>
						<String ID="P31_ST00078" HPOS="488" VPOS="1105" WIDTH="18" HEIGHT="27" CONTENT='!"' WC="1.00" CC="00"/>
						<String ID="P31_ST00079" HPOS="508" VPOS="1123" WIDTH="35" HEIGHT="2" CONTENT="—" WC="0.20" CC="8"/>
						<String ID="P31_ST00080" HPOS="545" VPOS="1106" WIDTH="14" HEIGHT="26" CONTENT="I" WC="1.00" CC="0"/>
						<SP ID="P31_SP00063" HPOS="559" VPOS="1133" WIDTH="14"/>
						<String ID="P31_ST00081" HPOS="573" VPOS="1106" WIDTH="131" HEIGHT="36" CONTENT="thought," WC="0.63" CC="57070620"/>
						<SP ID="P31_SP00064" HPOS="704" VPOS="1142" WIDTH="13"/>
						<String ID="P31_ST00082" HPOS="717" VPOS="1105" WIDTH="55" HEIGHT="27" CONTENT="and" WC="0.20" CC="968"/>
						<SP ID="P31_SP00065" HPOS="772" VPOS="1142" WIDTH="15"/>
						<String ID="P31_ST00083" HPOS="787" VPOS="1105" WIDTH="147" HEIGHT="27" CONTENT="forthwith" WC="0.65" CC="006070466"/>
						<SP ID="P31_SP00066" HPOS="934" VPOS="1142" WIDTH="14"/>
						<String ID="P31_ST00084" HPOS="948" VPOS="1105" WIDTH="102" HEIGHT="27" CONTENT="rushed" WC="0.64" CC="632611"/>
					</TextLine>
					<TextLine ID="P31_TL00015" HPOS="389" VPOS="1152" WIDTH="407" HEIGHT="30">
						<String ID="P31_ST00085" HPOS="389" VPOS="1153" WIDTH="41" HEIGHT="26" CONTENT="To" WC="1.00" CC="00"/>
						<SP ID="P31_SP00067" HPOS="430" VPOS="1179" WIDTH="14"/>
						<String ID="P31_ST00086" HPOS="444" VPOS="1153" WIDTH="46" HEIGHT="26" CONTENT="aid" WC="0.91" CC="002"/>
						<SP ID="P31_SP00068" HPOS="490" VPOS="1179" WIDTH="14"/>
						<String ID="P31_ST00087" HPOS="504" VPOS="1153" WIDTH="48" HEIGHT="26" CONTENT="the" WC="0.59" CC="660"/>
						<SP ID="P31_SP00069" HPOS="552" VPOS="1179" WIDTH="14"/>
						<String ID="P31_ST00088" HPOS="566" VPOS="1152" WIDTH="143" HEIGHT="27" CONTENT="wretched" WC="0.61" CC="90000667"/>
						<SP ID="P31_SP00070" HPOS="709" VPOS="1179" WIDTH="14"/>
						<String ID="P31_ST00089" HPOS="723" VPOS="1161" WIDTH="73" HEIGHT="21" CONTENT="man," WC="0.74" CC="0602"/>
					</TextLine>
				</TextBlock>
				<TextBlock ID="P31_TB00009" HPOS="357" VPOS="1198" WIDTH="666" HEIGHT="83" STYLEREFS="TXT_0 PAR_LEFT">
					<TextLine ID="P31_TL00016" HPOS="358" VPOS="1199" WIDTH="665" HEIGHT="35">
						<String ID="P31_ST00090" HPOS="358" VPOS="1200" WIDTH="98" HEIGHT="32" CONTENT="When," WC="0.66" CC="06072"/>
						<SP ID="P31_SP00071" HPOS="456" VPOS="1232" WIDTH="15"/>
						<String ID="P31_ST00091" HPOS="471" VPOS="1200" WIDTH="70" HEIGHT="26" CONTENT="with" WC="0.78" CC="0107"/>
						<SP ID="P31_SP00072" HPOS="541" VPOS="1232" WIDTH="14"/>
						<String ID="P31_ST00092" HPOS="555" VPOS="1210" WIDTH="16" HEIGHT="16" CONTENT="a" WC="1.00" CC="0"/>
						<SP ID="P31_SP00073" HPOS="571" VPOS="1232" WIDTH="13"/>
						<String ID="P31_ST00093" HPOS="584" VPOS="1200" WIDTH="92" HEIGHT="31" CONTENT="shout," WC="0.62" CC="261560"/>
						<SP ID="P31_SP00074" HPOS="676" VPOS="1232" WIDTH="15"/>
						<String ID="P31_ST00094" HPOS="691" VPOS="1199" WIDTH="35" HEIGHT="27" CONTENT="he" WC="0.65" CC="60"/>
						<SP ID="P31_SP00075" HPOS="726" VPOS="1232" WIDTH="13"/>
						<String ID="P31_ST00095" HPOS="739" VPOS="1199" WIDTH="119" HEIGHT="35" CONTENT="yell'd—" WC="0.50" CC="8045178"/>
						<String ID="P31_ST00096" HPOS="866" VPOS="1202" WIDTH="13" HEIGHT="10" CONTENT='"' WC="1.00" CC="0"/>
						<SP ID="P31_SP00076" HPOS="879" VPOS="1234" WIDTH="12"/>
						<String ID="P31_ST00097" HPOS="891" VPOS="1199" WIDTH="48" HEIGHT="27" CONTENT="Get" WC="0.55" CC="066"/>
						<SP ID="P31_SP00077" HPOS="939" VPOS="1234" WIDTH="14"/>
						<String ID="P31_ST00098" HPOS="953" VPOS="1201" WIDTH="49" HEIGHT="24" CONTENT="out" WC="0.36" CC="675"/>
						<String ID="P31_ST00099" HPOS="1015" VPOS="1199" WIDTH="8" HEIGHT="26" CONTENT="!" WC="1.00" CC="0"/>
					</TextLine>
					<TextLine ID="P31_TL00017" HPOS="394" VPOS="1246" WIDTH="403" HEIGHT="35">
						<String ID="P31_ST00100" HPOS="394" VPOS="1248" WIDTH="56" HEIGHT="27" CONTENT="I'm" WC="0.79" CC="302"/>
						<SP ID="P31_SP00078" HPOS="450" VPOS="1275" WIDTH="13"/>
						<String ID="P31_ST00101" HPOS="463" VPOS="1247" WIDTH="122" HEIGHT="34" CONTENT="singing" WC="0.55" CC="3060479"/>
						<SP ID="P31_SP00079" HPOS="585" VPOS="1281" WIDTH="14"/>
						<String ID="P31_ST00102" HPOS="599" VPOS="1246" WIDTH="43" HEIGHT="28" CONTENT="the" WC="0.47" CC="266"/>
						<SP ID="P31_SP00080" HPOS="642" VPOS="1281" WIDTH="14"/>
						<String ID="P31_ST00103" HPOS="656" VPOS="1246" WIDTH="104" HEIGHT="27" CONTENT="Koran" WC="0.44" CC="82276"/>
						<SP ID="P31_SP00081" HPOS="760" VPOS="1281" WIDTH="13"/>
						<String ID="P31_ST00104" HPOS="773" VPOS="1246" WIDTH="24" HEIGHT="27" CONTENT='!"' WC="1.00" CC="00"/>
					</TextLine>
				</TextBlock>
				<TextBlock ID="P31_TB00010" HPOS="960" VPOS="1526" WIDTH="14" HEIGHT="24" STYLEREFS="TXT_1 PAR_RIGHT">
					<TextLine ID="P31_TL00018" HPOS="960" VPOS="1527" WIDTH="14" HEIGHT="23">
						<String ID="P31_ST00105" HPOS="960" VPOS="1527" WIDTH="14" HEIGHT="23" CONTENT="3" WC="0.19" CC="8"/>
					</TextLine>
				</TextBlock>
			</PrintSpace>
		</Page>
	</Layout>
</alto>
